{"packages/cupertino_icons/assets/CupertinoIcons.ttf":["packages/cupertino_icons/assets/CupertinoIcons.ttf"],"assets/fonts/Icecons.ttf":["assets/fonts/Icecons.ttf"],"assets/fonts/workSans/WorkSans-Bold.ttf":["assets/fonts/workSans/WorkSans-Bold.ttf"],"assets/fonts/workSans/WorkSans-Regular.ttf":["assets/fonts/workSans/WorkSans-Regular.ttf"],"assets/fonts/workSans/WorkSans-SemiBold.ttf":["assets/fonts/workSans/WorkSans-SemiBold.ttf"],"assets/images/i1.jpg":["assets/images/i1.jpg"],"assets/images/i2.jpg":["assets/images/i2.jpg"],"assets/images/i3.jpg":["assets/images/i3.jpg"]}