[{"fonts":[{"asset":"fonts/MaterialIcons-Regular.ttf"}],"family":"MaterialIcons"},{"family":"Icecons","fonts":[{"asset":"assets/fonts/Icecons.ttf"}]},{"family":"WorkSans","fonts":[{"weight":700,"asset":"assets/fonts/workSans/WorkSans-Bold.ttf"},{"weight":400,"asset":"assets/fonts/workSans/WorkSans-Regular.ttf"},{"weight":600,"asset":"assets/fonts/workSans/WorkSans-SemiBold.ttf"}]},{"family":"packages/cupertino_icons/CupertinoIcons","fonts":[{"asset":"packages/cupertino_icons/assets/CupertinoIcons.ttf"}]}]